{
	"1": ["Алиф", "ا", "ا", "ـا", "ـا"],
	"2": ["Ба:'", "ب", "بـ", "ـبـ", "ـب"],
	"3": ["Та:’", "ت", "تـ", "ـتـ", "ـت"],
	"4": ["Tha:’", "ث", "ثـ", "ـثـ", "ـث"],
	"5": ["Джи:м", "ج", "جـ", "ـجـ", "ـج"],
	"6": ["Ха:'", "ح", "حـ", "ـحـ", "ـح"],
	"7": ["Хo:'", "خ", "خـ", "ـخـ", "ـخ"],
	"8": ["Дэ:ль", "د", "د", "ـد", "ـد"],
	"9": ["Thэ:ль", "ذ", "ذ", "ـذ", "ـذ"],
	"10": ["Ро:’", "ر", "ر", "ـر", "ـر"],
	"11": ["Зэ:йй", "ز", "ز", "ـز", "ـز"],
	"12": ["Си:н", "س", "سـ", "ـسـ", "ـس"],
	"13": ["Ши:н", "ش", "شـ", "ـشـ", "ـش"],
	"14": ["Со:д", "ص", "صـ", "ـصـ", "ـص"],
	"15": ["До:д", "ض", "ضـ", "ـضـ", "ـض"],
	"16": ["То:'", "ط", "طـ", "ـطـ", "ـط"],
	"17": ["Зо:'", "ظ", "ظـ", "ـظـ", "ـظ"],
	"18": ["Ъайн", "ع", "عـ", "ـعـ", "ـع"],
	"19": ["ГЪайн", "غ", "غـ", "ـغـ", "ـغ"],
	"20": ["Фа:’", "ف", "فـ", "ـفـ", "ـف"],
	"21": ["Ко:ф", "ق", "قـ", "ـقـ", "ـق"],
	"22": ["Кя:ф", "ك", "كـ", "ـكـ", "ـك"],
	"23": ["Ля:м", "ل", "لـ", "ـلـ", "ـل"],
	"24": ["Ми:м", "م", "مـ", "ـمـ", "ـم"],
	"25": ["Ну:н", "ن", "نـ", "ـنـ", "ـن"],
	"26": ["ha:’", "ه", "هـ", "ـهـ", "ـه"],
	"27": ["Wа:w", "و", "و", "ـو", "ـو"],
	"28": ["Йа:’", "ي", "يـ", "ـيـ", "ـي"]
}